Month,Materials,"Stone, sand and gravel",Sand and gravel,Stone,Cement,Ready mixed mortar and concrete,Concrete blocks and bricks,Other concrete products including precast,Other concrete products (excluding precast concrete),Precast concrete,Structural steel and reinforcing metal,Structural steel,Other structural steel,Structural steel fabricated metal,Reinforcing metal,Other steel products,Rough timber (including plain sawn),Rough timber (softwood),Rough timber (hardwood),"Machined, treated engineered timber",Other treated timber,Wooden windows and doors,"Bituminous macadam, asphalt and bituminous emulsions",Bituminous macadam and asphalt,Bituminous emulsions,Electrical fittings,Lighting equipment,Protection and communication equipment,All other materials,Plumbing materials including sanitary ware,HVAC (heating and ventilation equipment),Insulating materials,Pipes and fittings,PVC pipes and fittings,Copper pipes and fittings,Plaster,"Paints, oils and varnishes",Glass,All other metal fittings,All other products
2015 January,99.2,95.7,98.0,95.3,100.0,101.6,100.2,99.2,99.4,98.6,98.8,97.6,100.3,97.3,100.7,98.1,99.5,99.9,96.6,102.1,104.7,99.9,99.7,99.6,102.3,98.5,96.0,99.1,99.2,98.9,99.7,99.7,98.4,97.6,98.7,98.4,100.7,100.0,99.2,99.3
2015 February,99.0,93.9,96.1,93.5,100.0,100.4,100.6,99.3,99.4,98.8,98.9,97.7,100.3,97.3,100.9,98.1,99.9,99.9,100.3,102.1,104.7,99.9,95.1,94.8,101.6,98.7,96.0,100.1,99.1,98.8,99.7,99.7,98.6,98.4,98.7,98.4,100.7,100.0,99.2,99.1
2015 March,99.5,98.1,97.5,98.2,100.0,100.1,99.0,99.3,99.4,98.8,99.2,98.1,100.3,97.9,100.8,100.4,100.0,99.9,100.3,102.2,104.7,100.0,101.9,101.8,104.0,99.7,100.8,100.1,99.4,98.8,99.7,99.7,99.2,100.4,98.8,98.4,100.6,100.0,99.2,99.4
2015 April,99.8,99.9,106.2,98.7,100.0,99.8,99.3,99.3,99.4,98.8,99.9,99.4,100.3,99.3,100.6,100.4,100.0,99.9,100.3,102.2,104.7,100.0,96.3,96.1,101.5,99.7,100.8,100.1,99.8,98.8,99.7,99.7,101.0,100.4,101.2,99.5,99.2,100.0,99.6,99.5
2015 May,100.2,100.5,103.1,100.0,100.0,99.6,99.4,99.7,99.4,100.0,99.8,99.4,99.9,99.3,100.4,100.4,100.0,99.9,100.3,102.2,104.7,100.0,102.8,102.8,102.5,100.3,100.8,100.1,100.4,100.8,99.9,99.7,101.2,100.4,101.4,99.6,99.2,100.0,99.6,100.3
2015 June,100.6,103.7,100.3,104.3,100.0,100.4,100.3,99.7,99.4,100.0,99.9,99.5,99.9,99.4,100.5,100.4,100.0,99.9,100.3,102.2,104.7,100.0,101.9,101.8,103.5,100.3,100.8,100.1,100.4,100.8,99.9,99.7,101.1,100.4,101.3,100.5,99.2,100.0,99.6,100.3
2015 July,100.4,103.0,100.1,103.6,100.0,100.0,101.0,100.4,100.6,100.0,100.7,101.2,99.9,101.4,100.0,100.4,100.1,100.1,100.3,97.8,95.3,100.0,100.5,100.5,103.1,100.3,100.8,100.1,100.1,100.8,99.9,99.7,100.4,100.4,100.3,100.2,99.2,100.0,99.6,100.1
2015 August,100.4,102.8,99.7,103.4,100.0,99.9,100.4,100.4,100.6,100.0,100.7,101.2,99.8,101.4,100.0,100.4,100.1,100.1,100.3,97.8,95.3,100.0,100.4,100.4,100.1,100.3,100.8,100.1,100.3,100.8,99.9,100.6,100.4,100.4,100.3,101.1,99.2,100.0,99.6,100.3
2015 September,100.3,101.9,98.6,102.5,100.0,99.6,100.4,100.7,100.6,101.2,100.7,101.2,99.8,101.4,99.9,100.4,100.1,100.1,100.3,97.8,95.3,100.0,100.2,100.3,96.8,100.5,100.8,100.1,100.1,100.4,99.9,100.6,100.4,100.4,100.3,101.1,99.2,100.0,99.6,99.9
2015 October,100.0,101.2,103.8,100.7,100.0,97.7,99.9,100.7,100.6,101.2,100.4,101.4,99.7,101.6,98.9,100.4,100.1,100.1,100.3,97.8,95.3,100.0,99.5,99.6,95.0,100.6,100.8,100.1,100.4,100.4,100.6,100.2,99.9,100.4,99.8,100.6,101.0,100.0,100.3,100.6
2015 November,100.4,101.4,97.4,102.1,100.0,100.4,99.7,100.7,100.6,101.2,100.5,101.6,99.7,101.9,98.7,100.4,100.1,100.1,100.3,97.8,95.3,100.0,100.7,100.8,95.2,100.5,100.8,100.0,100.4,100.4,100.6,100.2,99.8,100.4,99.6,101.0,101.0,100.0,100.3,100.6
2015 December,100.1,97.8,99.2,97.6,100.0,100.5,99.9,100.7,100.6,101.2,100.4,101.6,99.7,101.9,98.4,100.4,100.1,100.1,100.3,97.8,95.3,100.0,101.2,101.4,94.5,100.5,100.8,100.0,100.4,100.4,100.6,100.2,99.8,100.4,99.6,101.0,101.0,100.0,104.2,100.6
2016 January,100.1,97.1,100.2,96.4,100.0,100.9,99.3,100.5,100.2,101.2,100.1,101.6,99.6,101.9,97.7,100.4,100.1,100.1,100.3,97.9,95.3,100.0,106.1,106.6,91.7,101.0,100.8,100.0,100.3,100.8,100.6,100.2,99.4,100.4,99.1,101.9,101.0,100.0,104.2,100.4
2016 February,99.6,98.3,108.2,96.3,100.0,99.7,99.1,100.5,100.2,101.2,100.9,103.0,99.6,103.4,97.7,98.4,100.1,100.1,100.3,97.9,95.3,100.2,103.4,103.8,90.4,101.1,105.4,100.0,99.0,100.8,100.6,101.6,95.8,100.9,94.1,102.2,101.3,96.0,104.2,99.0
2016 March,99.8,97.3,103.1,96.1,100.0,100.0,100.9,100.5,100.2,101.2,101.3,104.1,99.6,104.6,97.1,98.4,100.1,100.1,100.3,97.9,95.3,100.2,99.2,99.5,91.4,101.1,105.4,100.0,99.2,100.8,100.6,101.6,95.8,100.9,94.1,102.2,101.5,96.0,104.2,99.4
2016 April,100.4,100.6,103.2,100.1,100.0,99.8,101.4,100.5,100.2,101.2,102.4,105.7,99.6,106.4,97.3,98.4,100.3,100.3,100.3,97.9,95.3,100.2,100.4,100.7,92.1,101.4,107.5,100.0,99.6,100.8,100.6,101.6,96.9,102.9,95.0,102.0,101.5,96.0,104.2,99.8
2016 May,100.7,104.7,108.0,104.0,100.0,100.0,101.4,100.5,100.2,101.2,102.4,105.7,99.6,106.4,97.3,98.4,100.3,100.3,100.3,97.9,95.3,100.2,100.4,100.6,92.6,101.4,107.5,100.0,99.5,100.9,100.6,100.8,96.9,102.9,95.0,102.4,101.5,96.0,104.2,99.8
2016 June,100.8,106.9,108.4,106.6,100.0,99.6,100.0,100.5,100.2,101.2,102.8,105.7,99.6,106.4,98.5,98.6,100.3,100.3,100.3,97.9,95.3,100.2,101.0,101.4,90.4,101.4,107.5,100.0,99.5,100.9,100.6,100.8,96.8,102.9,94.9,102.3,101.4,96.0,104.2,99.8
2016 July,101.0,107.2,104.3,107.8,100.0,97.5,101.1,100.5,100.2,101.2,104.0,108.0,99.9,109.0,97.8,98.4,101.2,101.3,100.3,97.9,95.3,100.2,102.9,103.3,91.7,101.9,107.5,100.0,99.8,100.9,100.6,100.8,97.4,102.9,95.6,101.7,101.4,96.0,104.2,100.2
2016 August,101.0,106.2,109.5,105.5,100.0,99.9,100.8,100.5,100.2,101.2,103.9,108.0,99.9,109.0,97.7,98.4,101.2,101.3,100.3,97.9,95.3,100.2,101.2,101.5,92.0,101.1,107.5,100.0,99.8,100.9,100.7,100.8,97.5,102.9,95.8,101.4,101.4,96.0,104.2,100.2
2016 September,101.2,105.9,111.0,104.9,100.0,101.6,101.6,100.0,98.7,102.2,103.8,107.9,99.3,109.0,97.5,98.3,101.2,101.3,100.3,97.9,95.3,100.2,98.8,99.0,92.2,101.1,107.3,100.0,99.8,100.9,100.7,100.8,97.4,101.8,95.9,103.1,101.0,96.0,104.2,100.2
2016 October,101.3,107.4,120.4,104.8,100.0,99.7,101.6,100.0,98.7,102.2,103.7,107.8,99.1,108.8,97.4,98.3,101.2,101.3,100.3,97.9,95.3,100.2,99.6,99.8,93.1,101.5,107.3,100.0,100.2,100.9,100.7,100.8,97.4,101.8,95.9,103.6,101.0,96.0,104.2,100.9
2016 November,101.6,106.6,123.1,103.3,100.0,101.7,102.3,100.0,98.7,102.2,103.5,107.8,99.1,108.8,97.1,98.4,99.6,100.5,93.0,97.9,95.3,100.2,97.3,97.4,94.3,101.7,107.3,100.8,100.6,100.9,100.7,101.3,97.9,102.4,96.5,103.3,101.0,96.0,104.1,101.3
2016 December,101.6,104.7,119.7,101.7,100.0,101.5,101.5,100.0,98.7,102.2,103.7,107.8,99.1,108.8,97.5,98.4,99.6,100.5,93.0,97.9,95.3,100.2,101.8,102.0,93.8,101.6,107.3,100.5,101.0,100.9,100.7,101.3,99.8,102.4,99.0,103.6,101.0,96.0,104.1,101.4
2017 January,101.8,102.6,120.4,99.1,100.0,101.9,100.9,100.6,98.7,104.3,104.6,108.4,99.3,109.5,98.9,98.4,100.1,101.0,93.0,98.0,95.3,100.2,99.7,99.8,96.4,102.4,107.3,99.8,101.6,100.9,100.9,101.3,101.3,105.2,100.0,103.6,101.5,96.0,104.1,101.7
2017 February,101.8,101.9,114.0,99.4,100.0,100.3,102.0,100.6,98.7,104.3,106.9,111.0,99.3,112.5,100.5,98.4,100.9,101.0,100.3,98.0,95.3,100.2,97.7,97.7,96.4,102.4,107.3,99.8,101.6,100.9,100.9,101.3,101.4,105.5,100.0,104.7,101.5,96.0,104.1,101.7
2017 March,102.9,104.5,117.3,101.9,100.0,100.2,101.3,100.6,98.7,104.3,106.9,111.0,99.3,112.5,100.6,98.4,101.6,101.7,100.3,98.0,95.3,100.2,102.3,102.5,96.3,102.7,107.3,100.9,103.9,100.9,100.9,101.8,101.5,105.5,100.3,104.3,101.7,114.3,105.1,106.1
2017 April,103.0,107.8,123.6,104.6,104.4,99.7,100.3,100.6,98.7,104.3,107.1,111.2,99.5,112.7,100.8,98.4,101.6,101.7,100.3,98.0,95.3,100.2,98.9,99.0,95.8,102.2,107.3,101.4,103.9,100.9,100.9,101.8,101.5,105.5,100.2,104.6,101.7,114.3,105.1,106.1
2017 May,103.5,109.9,123.0,107.3,104.4,100.0,102.4,99.4,98.7,104.3,108.7,113.9,99.5,115.7,100.8,98.5,101.6,101.7,100.3,98.0,95.3,100.3,100.3,100.5,96.3,102.2,107.3,101.2,103.9,100.9,102.3,102.0,101.1,105.5,99.7,104.9,101.7,114.3,105.1,106.0
2017 June,103.5,110.9,127.5,107.5,104.4,101.4,102.4,99.4,98.7,104.3,108.7,113.9,99.5,115.7,100.8,98.5,101.6,101.7,100.3,98.0,95.3,100.3,98.7,98.8,95.6,102.3,107.3,101.2,103.0,100.9,102.3,102.0,101.7,105.3,100.6,104.9,102.0,114.3,105.1,103.9
2017 July,103.8,114.0,124.6,111.9,104.4,101.4,100.3,100.2,98.7,106.8,109.5,115.1,99.3,117.1,100.8,98.5,101.6,101.7,100.3,99.1,95.3,102.3,98.3,98.4,95.2,102.3,107.3,101.2,103.1,100.9,102.3,102.0,101.4,104.0,100.6,110.1,102.0,114.3,105.1,103.9
2017 August,103.8,111.8,124.3,109.3,104.4,102.1,102.0,99.8,97.9,106.8,109.9,115.6,103.4,117.1,101.3,98.5,101.8,102.0,100.3,99.1,95.3,102.3,98.4,98.5,95.5,101.8,107.3,100.8,103.3,100.9,102.2,102.0,102.0,104.6,101.2,110.4,102.0,114.3,105.1,103.9
2017 September,104.0,112.1,120.4,110.4,104.4,101.8,102.4,99.8,97.9,106.8,109.9,115.6,103.4,117.1,101.3,98.5,105.3,105.9,100.3,99.1,95.3,102.3,102.6,102.9,95.6,102.1,107.3,100.8,103.3,100.9,102.2,100.7,102.4,104.6,101.7,110.2,101.9,114.3,105.1,103.9
2017 October,104.0,111.8,121.4,109.8,104.4,100.8,101.7,100.6,97.9,109.4,110.4,115.9,104.6,117.3,102.1,98.5,105.3,105.9,100.3,99.1,95.3,102.3,98.4,98.5,96.6,102.6,107.3,101.0,103.4,100.9,102.2,100.7,102.4,104.4,101.8,110.2,101.9,114.3,105.1,104.1
2017 November,103.7,107.0,118.5,104.7,104.4,100.7,102.3,100.6,97.9,109.4,110.6,115.9,104.6,117.3,102.4,98.5,105.3,105.9,100.3,99.1,95.3,102.3,101.5,101.7,96.8,102.6,107.3,101.0,103.4,100.9,102.2,100.7,102.5,104.6,101.8,110.1,101.9,114.3,105.1,104.1
2017 December,104.0,110.1,124.0,107.3,104.4,101.4,101.6,100.6,97.9,109.4,110.5,115.9,104.6,117.3,102.2,98.5,105.3,105.9,100.3,99.1,95.3,102.3,102.0,102.1,98.1,102.5,107.3,101.3,103.6,100.9,102.2,100.7,102.5,104.6,101.8,110.5,101.9,114.3,105.1,104.5
2018 January,103.8,106.2,117.8,103.8,108.4,101.1,100.8,100.6,97.9,109.4,110.8,116.2,104.7,117.6,102.6,98.5,105.3,105.9,100.3,99.1,95.3,102.3,101.9,102.0,100.0,102.4,107.3,101.3,103.9,102.4,102.1,100.7,102.7,104.6,102.1,112.0,108.5,114.3,105.1,104.5
2018 February,103.9,106.7,120.0,104.0,108.4,101.0,102.1,101.3,99.2,109.4,110.9,116.2,104.7,117.6,102.7,98.5,105.3,105.9,100.3,99.1,95.3,102.3,100.1,100.1,100.4,102.4,107.3,101.3,103.9,102.4,102.1,100.7,102.7,104.6,102.1,112.0,108.5,114.3,105.1,104.5
2018 March,104.3,106.6,121.8,103.5,108.4,103.1,103.0,101.3,99.2,109.4,111.0,116.2,104.7,117.6,103.0,98.5,105.3,105.9,100.3,99.1,95.3,102.3,101.5,101.6,99.7,102.5,107.3,101.3,104.0,102.4,102.1,100.7,102.9,105.6,102.1,112.1,108.6,114.3,105.1,104.5
2018 April,103.9,104.5,113.0,102.8,108.4,100.6,99.9,101.3,99.2,109.4,111.2,116.4,104.9,117.8,103.4,100.4,105.3,105.9,100.3,99.1,95.3,102.4,98.1,98.0,99.7,103.4,107.3,102.1,104.4,102.4,102.1,100.7,104.2,106.7,103.4,112.1,109.8,114.3,105.1,104.7
2018 May,104.0,106.0,111.6,104.9,108.4,99.1,100.1,101.3,99.2,109.4,111.2,116.4,104.9,117.8,103.4,103.1,105.3,105.9,100.3,99.1,95.3,102.4,100.0,100.0,100.6,103.5,107.3,102.1,104.6,102.4,102.1,100.7,105.5,110.1,104.0,112.2,109.8,114.3,105.1,104.7
2018 June,104.1,105.5,111.4,104.4,108.4,99.1,100.4,101.3,99.2,109.4,111.8,117.2,104.9,118.8,103.6,103.1,105.3,105.9,100.3,99.1,95.3,102.4,98.2,98.0,105.3,103.5,107.3,102.1,105.0,104.5,103.5,101.6,105.7,110.1,104.3,112.4,109.8,114.3,105.1,104.8
2018 July,104.8,107.9,116.1,106.3,108.4,100.5,100.7,101.1,99.2,108.8,112.0,117.3,105.3,118.8,104.0,103.1,105.3,105.9,100.3,100.5,95.3,105.0,98.6,98.4,105.5,103.9,107.3,102.1,105.4,104.5,103.5,103.4,105.2,110.1,103.6,112.4,110.3,114.3,106.9,105.4
2018 August,104.8,106.1,116.7,104.0,108.4,103.1,101.0,101.1,99.2,108.8,112.1,117.3,105.3,118.8,104.1,103.1,105.4,106.0,100.3,104.0,102.8,105.0,98.6,98.3,105.9,103.9,107.3,102.1,104.6,104.5,103.5,101.3,104.9,110.1,103.2,111.5,110.3,93.9,106.9,104.7
2018 September,104.5,104.7,111.6,103.3,108.4,101.3,100.7,101.1,99.2,108.8,112.2,117.3,105.3,118.8,104.5,103.1,105.4,106.0,100.3,104.0,102.8,105.0,101.1,101.0,105.9,103.8,107.3,101.9,104.6,104.5,103.4,101.3,104.8,110.1,103.0,111.5,109.9,93.9,106.9,104.7
2018 October,104.1,105.0,111.8,103.7,108.4,98.7,100.8,101.1,99.2,108.8,112.7,117.6,105.3,119.1,105.3,103.1,105.4,106.0,100.3,104.0,102.8,105.0,100.2,100.0,106.1,103.9,107.3,102.2,104.2,104.5,103.4,101.3,105.0,110.1,103.3,111.5,109.9,93.9,106.9,103.7
2018 November,104.2,104.2,114.0,102.2,108.4,99.4,101.2,101.1,99.2,108.8,112.8,117.6,105.3,119.1,105.4,103.1,106.2,106.0,107.6,104.0,102.8,105.0,100.0,99.8,107.7,104.0,107.3,102.2,104.3,104.5,103.4,101.6,105.0,110.1,103.3,111.7,109.9,93.9,106.9,103.9
2018 December,104.4,104.2,113.0,102.4,108.4,100.8,100.7,101.1,99.2,108.8,112.7,117.6,105.3,119.1,105.3,103.1,106.2,106.0,107.6,104.0,102.8,105.0,99.6,99.3,106.8,103.9,107.3,102.2,104.3,104.5,103.4,101.6,105.0,110.1,103.3,112.1,109.9,93.9,106.9,103.9
2019 January,105.0,103.7,112.4,102.0,114.6,103.0,101.3,101.3,99.2,109.6,114.6,120.8,105.3,122.7,105.1,103.1,108.7,108.8,107.6,104.0,102.8,105.0,101.3,101.2,104.4,103.9,107.3,102.1,104.4,104.5,103.4,101.6,104.8,110.1,103.2,112.0,112.6,93.9,109.1,103.9
2019 February,105.5,107.5,124.1,104.1,114.6,103.7,102.3,101.3,99.2,109.6,114.6,120.8,105.3,122.7,105.1,103.6,108.7,108.8,107.6,104.0,102.8,105.0,102.8,102.7,103.4,103.9,107.3,101.9,104.5,104.5,103.4,101.6,104.8,110.1,103.2,112.0,112.6,93.9,109.1,104.0
2019 March,105.9,109.5,125.6,106.2,114.6,104.4,101.7,102.0,100.4,109.6,115.1,120.8,105.1,122.7,106.5,103.6,108.7,108.8,107.6,104.0,102.8,105.0,99.7,99.6,103.4,103.9,107.3,101.9,104.6,104.5,103.4,101.6,105.3,111.1,103.5,113.9,112.6,93.9,109.1,104.0
2019 April,106.2,108.2,119.1,106.0,114.6,106.8,102.5,102.8,100.4,112.3,115.2,121.0,105.0,122.9,106.4,103.6,109.0,109.2,107.6,104.0,102.8,105.0,99.3,99.1,104.9,104.0,107.3,101.9,104.7,104.8,103.4,101.6,105.7,111.1,103.9,113.9,112.9,93.9,109.1,104.0
2019 May,106.0,108.0,120.7,105.5,114.6,104.9,102.9,102.8,100.4,112.3,115.2,121.0,105.0,122.9,106.3,103.6,109.0,109.2,107.6,104.0,102.8,105.0,99.7,99.5,105.6,104.1,107.3,102.2,104.8,104.8,103.4,101.6,105.4,111.1,103.6,113.7,118.5,93.9,109.1,104.0
2019 June,106.0,108.1,122.5,105.2,114.6,104.2,102.7,102.8,100.4,112.3,115.3,121.3,105.0,123.3,106.2,103.6,109.0,109.2,107.6,104.0,102.8,105.1,99.2,99.0,105.1,104.2,107.3,102.3,104.8,104.8,104.5,101.6,105.9,111.1,104.2,113.7,118.5,93.9,109.1,103.7
2019 July,106.0,108.0,122.6,105.0,114.6,105.0,102.8,102.4,99.7,112.3,115.2,121.3,105.0,123.3,105.9,103.6,109.0,109.2,107.6,105.2,102.8,107.2,98.5,98.3,103.1,104.2,107.3,102.3,104.7,104.8,104.5,101.6,105.5,111.0,103.8,113.7,118.4,93.9,109.1,103.7
2019 August,106.2,108.4,121.4,105.8,114.6,106.1,103.2,102.4,99.7,112.3,115.2,121.3,105.0,123.3,105.9,103.6,109.0,109.2,107.6,105.2,102.8,107.2,99.1,98.9,104.4,104.2,107.3,102.3,104.7,104.8,104.5,101.6,105.5,111.0,103.8,113.7,118.4,93.9,109.1,103.7
2019 September,105.8,104.3,111.3,102.9,114.6,105.7,103.5,102.4,99.7,112.3,115.1,121.3,105.0,123.3,105.7,103.6,109.0,109.2,107.6,105.2,102.8,107.2,99.4,99.3,104.4,104.2,107.3,102.2,104.7,104.8,104.5,101.6,105.5,111.0,103.8,113.2,118.3,93.9,109.1,103.7
2019 October,105.8,104.9,121.1,101.7,114.6,104.5,103.0,102.4,99.7,112.3,114.8,121.3,105.0,123.2,104.9,103.6,109.0,109.2,107.6,105.2,102.8,107.2,99.5,99.3,104.6,104.2,107.3,102.2,105.0,104.8,104.5,101.6,105.7,112.1,103.6,113.6,118.3,93.9,109.1,104.1
2019 November,106.0,104.0,116.8,101.5,114.6,106.2,102.4,102.4,99.7,112.3,114.2,120.5,98.0,123.2,104.5,103.6,111.9,112.4,107.6,105.2,102.8,107.2,100.7,100.5,105.1,104.4,107.3,103.0,105.0,104.8,104.5,101.6,105.7,112.1,103.6,113.8,118.3,93.9,109.1,104.1
2019 December,105.7,104.5,118.6,101.6,114.6,106.0,103.1,102.4,99.7,112.3,113.8,120.3,96.1,123.2,104.0,103.6,107.7,107.7,107.6,105.2,102.8,107.2,100.5,100.4,105.2,103.8,107.3,103.0,105.0,104.8,104.5,101.6,105.7,112.1,103.6,113.8,119.3,93.9,109.1,104.1
2020 January,106.0,106.2,122.9,102.8,120.3,105.8,103.3,104.9,104.4,112.3,113.8,120.6,96.1,123.6,103.5,103.6,107.4,107.3,107.6,105.2,102.8,107.2,100.2,100.0,107.0,103.8,107.3,103.0,105.0,105.6,104.5,101.6,106.1,112.1,104.2,115.5,119.3,93.9,109.1,103.7
2020 February,105.9,101.5,117.6,98.3,120.3,107.3,102.8,105.0,104.4,112.3,113.9,120.7,97.4,123.6,103.6,103.6,107.4,107.3,107.6,105.2,102.8,107.2,98.3,98.0,107.7,103.8,107.3,103.1,105.3,105.6,104.5,102.6,106.1,112.1,104.2,116.3,121.1,93.9,109.1,104.0
2020 March,106.0,103.6,107.5,102.8,120.3,107.4,103.0,105.0,104.4,112.3,114.0,120.9,98.5,123.6,103.6,103.6,106.8,106.7,107.6,105.2,102.8,107.2,98.8,98.5,105.7,103.8,107.3,103.0,105.2,105.6,104.5,102.6,105.7,112.1,103.6,116.3,121.1,93.9,109.1,104.0
2020 April,106.9,109.5,123.2,106.8,120.3,109.4,104.3,105.0,104.4,112.3,114.0,120.8,98.2,123.6,103.7,103.8,106.8,106.7,107.6,105.2,102.8,107.2,99.3,99.2,102.4,104.0,107.3,102.8,105.1,105.6,104.5,102.6,105.0,112.1,102.8,116.3,121.1,93.9,109.1,104.0
2020 May,106.0,100.2,90.8,102.1,120.3,109.3,105.1,105.0,104.4,112.3,113.6,120.7,98.2,123.5,102.9,103.8,106.8,106.7,107.6,105.2,102.8,107.2,98.8,98.8,99.8,104.0,107.3,103.0,105.0,105.6,104.5,102.6,105.0,112.1,102.8,115.4,121.1,93.9,109.1,104.0
2020 June,106.4,106.9,112.6,105.7,120.3,107.9,105.3,105.0,104.4,112.3,113.6,120.5,96.3,123.5,103.0,103.8,107.1,107.0,107.6,105.2,102.8,107.2,100.3,100.5,93.0,104.0,107.3,103.0,104.8,105.6,104.5,102.6,105.0,112.1,102.8,115.4,121.1,93.9,109.1,103.6
2020 July,106.5,106.9,112.8,105.7,120.3,108.2,105.2,105.0,104.4,112.3,113.6,120.4,95.7,123.5,103.3,104.9,107.1,107.0,107.6,105.2,102.8,107.2,98.6,98.8,93.8,104.2,107.3,103.0,104.8,105.6,104.5,102.6,105.5,112.1,103.3,116.1,121.3,89.0,109.1,103.4
2020 August,106.2,105.3,115.3,103.3,120.3,106.4,104.6,105.0,104.4,112.3,113.8,120.7,97.7,123.5,103.3,104.9,107.1,107.0,107.6,105.2,102.8,107.2,98.7,98.9,94.0,104.2,107.3,103.2,105.1,104.7,104.5,102.6,106.7,112.1,105.0,115.7,121.3,89.0,109.1,103.4
2020 September,106.4,106.6,118.4,104.2,120.3,106.4,104.5,105.0,104.4,112.3,113.9,120.7,99.1,123.4,103.4,104.9,107.1,107.0,107.6,105.2,102.8,107.2,102.3,102.6,94.2,104.2,107.3,103.2,105.2,104.9,103.6,102.6,106.7,112.1,105.0,115.9,121.3,89.0,109.1,103.8
2020 October,106.2,105.7,117.7,103.3,120.4,105.8,104.6,105.0,104.4,112.3,114.1,121.0,100.3,123.5,103.5,104.9,107.5,107.5,107.6,105.2,102.8,107.2,99.5,99.7,93.8,104.2,107.3,103.2,105.2,104.9,103.6,102.6,106.8,112.1,105.1,115.6,121.3,89.0,109.1,103.8
2020 November,106.0,104.3,117.8,101.6,120.4,105.7,103.9,105.0,104.4,112.3,114.3,121.2,102.6,123.5,103.7,106.6,107.5,107.5,107.6,105.2,102.8,107.2,100.2,100.4,93.9,104.1,107.3,103.1,105.0,104.9,103.6,102.6,106.6,112.1,104.8,115.8,121.3,89.0,109.1,103.4
2020 December,105.9,103.9,118.6,101.0,120.4,104.9,104.1,105.0,104.4,112.3,114.4,121.2,102.6,123.5,104.1,106.6,107.5,107.5,107.6,105.2,102.8,107.2,99.3,99.4,94.2,104.1,107.3,103.1,105.1,104.9,103.6,102.6,107.3,112.1,105.8,115.9,121.3,89.0,109.1,103.4
2021 January,106.6,103.9,111.8,102.3,122.1,105.6,104.6,105.0,104.4,112.3,117.1,123.1,116.0,124.0,108.1,106.6,108.6,108.7,107.6,105.2,102.8,107.2,100.9,101.1,97.1,104.7,107.3,103.1,105.4,105.6,102.5,102.6,108.8,113.5,107.2,117.0,121.3,89.0,109.1,103.4
2021 February,106.6,103.3,110.5,101.9,122.1,104.8,103.8,105.0,104.4,112.3,117.8,123.2,117.5,124.0,109.4,107.1,109.4,109.6,107.6,105.2,102.8,107.2,101.3,101.5,97.7,105.0,107.3,103.1,105.7,105.6,102.5,103.9,108.8,113.5,107.2,116.8,121.3,89.0,111.1,103.8
2021 March,108.4,103.9,107.9,103.1,122.1,104.6,104.7,105.0,104.4,112.3,119.8,123.6,120.6,124.0,114.0,107.3,123.1,125.1,107.6,105.3,102.8,107.4,100.2,100.2,98.4,108.8,107.3,103.9,106.8,105.6,102.5,103.9,110.0,114.6,108.5,125.6,121.5,94.1,115.4,104.8
2021 April,110.5,106.9,119.6,104.3,126.1,105.5,104.7,105.0,104.4,112.3,122.9,125.7,122.9,126.0,118.6,107.3,138.8,142.7,107.6,105.3,102.8,107.4,100.7,100.8,98.9,111.1,107.3,105.4,108.1,105.6,102.7,104.5,112.2,116.6,110.8,125.7,124.1,94.1,115.4,105.4
2021 May,111.3,107.3,111.0,106.6,126.1,105.3,105.2,105.0,104.4,112.3,124.5,126.8,132.9,126.0,121.1,107.4,138.8,142.7,107.6,105.3,102.8,107.5,100.6,100.7,99.0,111.9,107.3,105.7,109.5,105.6,110.2,104.8,115.3,123.9,112.5,126.0,124.1,94.1,115.4,105.6
2021 June,114.7,109.2,114.3,108.2,126.1,105.9,104.7,105.0,104.4,112.3,126.5,127.5,139.8,126.0,124.8,107.4,161.9,168.7,107.6,105.4,102.8,107.7,96.8,96.5,106.7,123.7,107.3,106.0,110.2,108.1,110.6,107.0,115.7,125.6,112.5,131.1,125.3,94.1,115.4,105.6
2021 July,117.0,107.9,112.4,107.0,126.1,105.5,105.4,111.7,117.2,113.8,140.2,130.7,155.5,127.7,154.6,108.3,169.0,176.7,107.6,105.5,102.8,107.8,100.9,100.7,107.3,125.4,107.3,105.7,111.3,112.6,110.6,109.1,115.7,127.6,111.9,139.2,125.3,94.1,115.4,106.0
2021 August,119.7,109.2,112.7,108.5,126.1,106.2,105.9,114.2,117.2,121.9,144.2,131.1,158.6,127.7,164.1,108.3,171.8,177.5,126.1,149.0,198.1,107.8,100.1,99.9,107.6,125.6,107.3,105.5,111.3,112.9,110.6,109.4,115.5,127.6,111.7,139.4,125.3,94.1,115.4,106.0
2021 September,120.2,107.5,110.9,106.8,126.1,106.5,105.6,114.2,117.2,121.9,144.3,131.1,158.6,127.7,164.5,108.3,173.0,178.9,126.1,156.6,198.1,122.1,103.1,103.0,107.2,126.3,107.3,105.5,111.8,112.9,110.0,109.4,115.5,127.6,111.7,138.5,125.3,94.1,115.4,107.2
2021 October,122.2,110.0,121.6,107.6,130.5,106.8,106.1,114.2,117.2,121.9,147.7,135.6,163.5,132.2,166.1,108.3,182.1,189.1,126.1,156.8,198.1,122.4,101.7,101.5,107.9,126.7,107.3,105.5,114.6,113.8,110.0,114.6,117.7,128.8,114.1,140.8,126.2,94.1,115.4,111.1
2021 November,122.9,111.1,120.1,109.3,130.5,110.0,106.2,114.2,117.2,121.9,147.6,135.6,163.5,132.2,166.0,108.3,182.4,189.4,126.1,157.1,198.1,123.0,101.9,101.7,109.0,126.9,107.3,106.3,115.1,114.2,110.0,114.6,117.7,128.8,114.1,141.7,126.2,94.1,115.4,112.1
2021 December,123.0,109.6,113.1,108.9,130.5,110.1,107.7,115.4,117.2,126.1,147.4,135.6,163.5,132.2,165.5,110.5,182.4,189.4,126.1,157.2,198.1,123.1,102.7,102.5,108.8,127.0,107.3,106.3,115.4,114.2,110.0,114.6,118.1,130.5,114.1,141.2,126.2,94.1,115.4,112.5
2022 January,124.4,107.6,113.6,106.4,135.9,111.3,107.9,118.6,117.2,136.6,150.1,137.4,174.3,132.8,169.4,110.5,184.9,192.3,126.1,157.1,198.1,123.1,104.9,104.8,109.1,127.5,107.3,106.2,117.5,114.2,110.3,116.2,123.5,136.5,119.4,144.7,126.2,98.5,115.4,113.8
2022 February,125.5,115.6,121.5,114.4,135.9,115.5,112.1,118.6,117.2,136.6,149.9,137.4,174.3,132.8,169.1,112.2,179.8,186.5,126.1,157.1,198.1,123.1,105.6,105.3,116.3,124.4,107.3,106.8,118.5,114.9,110.3,116.3,123.5,136.5,119.4,151.9,126.2,98.5,115.4,115.2
2022 March,126.7,113.5,124.3,111.4,135.9,118.1,114.0,118.6,117.2,136.6,154.4,139.9,197.9,132.8,176.3,112.2,179.8,186.5,126.1,157.2,198.1,123.3,105.6,105.2,117.3,125.1,107.3,106.5,119.9,131.9,110.3,116.3,125.4,143.9,119.4,152.5,127.0,98.5,115.4,115.6
2022 April,130.6,117.7,124.2,116.3,144.5,118.4,114.2,118.6,117.2,136.6,186.0,178.5,210.5,174.5,197.5,114.6,178.4,185.0,126.1,157.2,198.1,123.3,107.8,107.5,120.0,125.5,107.3,107.0,120.9,133.4,110.3,119.6,126.2,147.5,119.4,152.1,135.8,98.5,116.9,115.6
2022 May,132.7,118.7,125.6,117.3,144.5,120.5,117.2,118.6,117.2,136.6,187.4,178.5,210.5,174.5,201.0,114.8,179.5,186.2,126.1,165.1,215.2,123.5,110.3,110.0,120.0,125.6,107.3,107.1,124.0,133.4,112.3,124.5,127.2,149.8,119.9,151.7,144.1,98.5,116.9,120.0
2022 June,135.9,120.4,127.9,118.9,144.5,130.3,120.0,123.3,125.8,136.6,186.2,177.9,205.2,174.5,198.9,114.8,192.8,201.2,126.1,165.2,215.5,123.5,117.5,116.9,136.9,130.2,107.3,107.1,124.7,133.4,112.3,128.5,127.2,149.8,119.9,161.1,144.5,98.5,116.9,120.1
2022 July,141.1,121.7,128.5,120.4,156.2,132.1,123.6,127.9,125.8,151.9,205.7,209.1,198.7,210.4,200.5,114.8,192.8,201.2,126.1,174.0,215.5,139.8,120.4,119.9,137.7,133.1,107.3,107.2,129.5,134.2,112.3,128.5,147.5,164.8,141.9,171.4,144.5,98.5,116.1,120.1
2022 August,141.0,120.4,130.8,118.3,156.2,132.8,122.7,127.9,125.8,151.9,203.5,208.0,192.4,209.9,196.5,115.2,191.1,199.3,126.1,174.0,215.5,139.8,118.9,118.3,137.7,132.9,107.3,107.2,130.5,136.8,112.3,130.3,146.7,164.8,140.8,170.3,144.5,98.5,119.1,121.9
2022 September,140.1,118.2,129.6,116.0,156.2,132.9,122.5,128.1,125.8,152.5,202.9,208.0,192.4,209.9,195.0,115.2,164.8,169.6,126.1,174.0,215.5,139.8,121.3,120.7,136.8,133.3,107.3,114.4,131.0,139.1,117.4,130.3,146.7,164.8,140.8,171.7,144.5,98.5,118.9,121.7
2022 October,141.9,123.2,130.7,121.7,156.2,140.8,127.2,128.1,125.8,152.5,200.0,204.5,186.2,206.7,193.3,117.9,158.8,162.9,126.1,174.5,216.6,139.8,121.8,121.3,135.9,134.7,107.3,115.2,132.0,143.2,117.4,130.3,146.6,164.8,140.7,178.3,149.1,98.5,117.4,123.0
2022 November,142.8,116.4,131.1,113.5,168.6,146.0,128.7,128.1,125.8,152.5,199.1,204.7,179.8,207.7,190.5,117.9,155.7,162.9,98.9,174.7,216.6,140.1,120.0,119.5,135.9,135.9,107.3,120.4,133.9,146.1,117.4,130.3,146.6,164.8,140.7,187.1,149.3,98.5,117.4,126.1
2022 December,142.9,123.3,133.0,121.3,168.6,142.2,129.6,128.9,125.8,155.3,197.8,204.0,173.4,207.7,188.3,117.9,154.5,161.5,98.9,174.8,216.6,140.2,121.9,121.4,135.6,136.3,107.3,121.1,133.8,146.1,117.4,130.3,146.6,164.8,140.7,192.3,149.3,98.5,117.4,125.3
2023 January,143.7,120.9,131.0,118.8,168.6,144.6,129.2,129.9,124.2,160.5,203.5,222.4,162.1,229.9,174.8,127.9,151.4,158.0,98.9,174.8,216.6,140.2,121.1,120.8,131.5,136.8,107.3,120.9,134.4,149.2,118.0,130.3,146.7,164.8,140.9,204.0,149.3,104.7,117.4,125.3
2023 February,144.0,121.5,128.7,120.1,168.6,143.4,130.0,129.9,,,202.6,221.9,156.9,229.9,173.2,127.9,151.4,158.0,98.9,174.8,216.6,140.2,123.1,122.8,131.6,136.8,107.3,121.0,135.5,149.2,118.0,130.3,146.7,164.8,140.9,204.7,156.0,104.7,117.4,127.2
2023 March,143.8,120.9,120.9,120.9,168.6,143.7,131.5,129.9,,,201.4,221.6,154.8,229.9,170.6,127.9,151.4,158.0,98.9,174.8,216.6,140.2,123.0,122.7,131.6,136.8,107.3,121.0,135.0,147.3,118.0,130.3,146.5,163.7,140.9,205.4,156.0,104.7,117.4,126.4
